FPR,TPR,Thresholds
0.0,0.0,inf
0.0006406149903907751,0.0,0.865878005795479
0.0019218449711723255,0.0,0.8403313726992271
0.0019218449711723255,0.0036363636363636364,0.8308800515899374
0.0025624599615631004,0.0036363636363636364,0.8150391852585531
0.0025624599615631004,0.007272727272727273,0.8097936052534782
0.0032030749519538757,0.007272727272727273,0.8058454987509518
0.0032030749519538757,0.00909090909090909,0.8007345322633644
0.004484304932735426,0.00909090909090909,0.7841296441638212
0.004484304932735426,0.012727272727272728,0.768209867323495
0.0064061499039077515,0.012727272727272728,0.7575542291084516
0.0064061499039077515,0.01818181818181818,0.723692051740589
0.007046764894298526,0.01818181818181818,0.715142602603933
0.007046764894298526,0.02181818181818182,0.7084929610369882
0.008968609865470852,0.02181818181818182,0.6882941379584613
0.008968609865470852,0.023636363636363636,0.677928201078552
0.010890454836643177,0.023636363636363636,0.6618550705464983
0.010890454836643177,0.02727272727272727,0.6511259070546941
0.011531069827033953,0.02727272727272727,0.6498081122823887
0.011531069827033953,0.02909090909090909,0.6462165603086673
0.012171684817424727,0.02909090909090909,0.6450091654494376
0.012171684817424727,0.03272727272727273,0.6369853448976392
0.012812299807815503,0.03272727272727273,0.6345603093313119
0.012812299807815503,0.034545454545454546,0.6285621766548577
0.014734144778987828,0.034545454545454546,0.6204920710635267
0.014734144778987828,0.038181818181818185,0.6120622260663283
0.016015374759769378,0.038181818181818185,0.6028828582076913
0.016015374759769378,0.04,0.601167977245065
0.016655989750160152,0.04,0.5908152541246884
0.016655989750160152,0.04181818181818182,0.5906342593242433
0.01729660474055093,0.04181818181818182,0.5899194608140853
0.01729660474055093,0.04363636363636364,0.5864714155190413
0.018577834721332478,0.04363636363636364,0.575520600424745
0.018577834721332478,0.04909090909090909,0.5648533415743464
0.01985906470211403,0.04909090909090909,0.5595380135816415
0.01985906470211403,0.05454545454545454,0.5432655111210867
0.02114029468289558,0.05454545454545454,0.5388893210806269
0.02114029468289558,0.06,0.5357206188466238
0.021780909673286355,0.06,0.5308163327381047
0.021780909673286355,0.06181818181818182,0.5285252089309396
0.02242152466367713,0.06181818181818182,0.5229771079313715
0.02242152466367713,0.06363636363636363,0.5067925084405882
0.023062139654067906,0.06363636363636363,0.5056910423872225
0.023062139654067906,0.07090909090909091,0.5
0.024343369634849454,0.07090909090909091,0.49362076327349974
0.024343369634849454,0.07454545454545454,0.48248780128182356
0.024983984625240232,0.07454545454545454,0.4782912413037497
0.024983984625240232,0.07818181818181819,0.47443984638522146
0.02626521460602178,0.07818181818181819,0.4556761206477535
0.02626521460602178,0.08181818181818182,0.44733206360461625
0.026905829596412557,0.08181818181818182,0.442446061681773
0.026905829596412557,0.08363636363636363,0.43478239670110125
0.02754644458680333,0.08363636363636363,0.43199734373037757
0.02754644458680333,0.08727272727272728,0.42162060731290113
0.028187059577194105,0.08727272727272728,0.4214568402836229
0.028187059577194105,0.09090909090909091,0.41787679737790406
0.029468289557975657,0.09090909090909091,0.41437664402578683
0.029468289557975657,0.09636363636363636,0.40770564014680655
0.03074951953875721,0.09636363636363636,0.40560695330703544
0.03074951953875721,0.1,0.4018135140360024
0.03459320948110186,0.1,0.3910828392580231
0.03459320948110186,0.10545454545454545,0.3869222585027069
0.035233824471492634,0.10545454545454545,0.3861990414072657
0.035233824471492634,0.11272727272727273,0.3622905779110172
0.03587443946188341,0.11272727272727273,0.361135097350691
0.03587443946188341,0.11636363636363636,0.3601642731567399
0.039077514413837285,0.11636363636363636,0.3523220608810643
0.039077514413837285,0.12,0.3518550251183236
0.03971812940422806,0.12,0.3511784112011723
0.03971812940422806,0.12363636363636364,0.350344724216855
0.04035874439461883,0.12363636363636364,0.3500785564745697
0.04035874439461883,0.12545454545454546,0.35003934293304473
0.044202434336963484,0.12545454545454546,0.3396197437637867
0.044202434336963484,0.12727272727272726,0.3390892716751473
0.04484304932735426,0.12727272727272726,0.33897402804801596
0.04484304932735426,0.13090909090909092,0.33659812843538167
0.04612427930813581,0.13090909090909092,0.33559359635510116
0.04612427930813581,0.13272727272727272,0.3345496365908307
0.048046124279308135,0.13272727272727272,0.333710780488234
0.048046124279308135,0.13636363636363635,0.33206107627376796
0.05124919923126201,0.13636363636363635,0.3293397227171307
0.05124919923126201,0.14181818181818182,0.32773109297979847
0.05253042921204356,0.14181818181818182,0.31986086490524596
0.05253042921204356,0.14363636363636365,0.3176857330732887
0.05509288917360666,0.14363636363636365,0.31250375488142523
0.05509288917360666,0.14545454545454545,0.3099602604613748
0.057014734144778985,0.14545454545454545,0.3089733107769482
0.057014734144778985,0.14727272727272728,0.3085226741610733
0.058936579115951314,0.14727272727272728,0.3054926662920372
0.058936579115951314,0.14909090909090908,0.3053044546873929
0.06342088404868675,0.14909090909090908,0.30210499776466404
0.06342088404868675,0.15454545454545454,0.30121513343745604
0.06406149903907751,0.15454545454545454,0.30118950587654153
0.06406149903907751,0.15818181818181817,0.3005608204068292
0.06598334401024984,0.15818181818181817,0.29929894136920887
0.06598334401024984,0.1618181818181818,0.29860689188718004
0.06790518898142217,0.1618181818181818,0.2954762000258248
0.06790518898142217,0.16545454545454547,0.2951045841792812
0.06918641896220372,0.16545454545454547,0.29411500578361366
0.06918641896220372,0.16727272727272727,0.2937317402454685
0.07110826393337603,0.16727272727272727,0.29111362460789303
0.07110826393337603,0.1690909090909091,0.29086137716103383
0.0723894939141576,0.1690909090909091,0.28991230448492195
0.0723894939141576,0.17272727272727273,0.2873160686099721
0.07367072389493914,0.17272727272727273,0.2867738843150623
0.07367072389493914,0.17454545454545456,0.28628569140560284
0.07943625880845612,0.17454545454545456,0.28266088989009447
0.07943625880845612,0.1781818181818182,0.28238690523335225
0.08135810377962845,0.1781818181818182,0.28201077174258116
0.08135810377962845,0.18181818181818182,0.2818281513991291
0.08327994875080078,0.18181818181818182,0.28160128478138385
0.08327994875080078,0.18545454545454546,0.2806411135209132
0.08392056374119154,0.18545454545454546,0.2800623360083168
0.08392056374119154,0.18727272727272729,0.27930409542664425
0.08456117873158232,0.18727272727272729,0.2792887059253501
0.08456117873158232,0.1890909090909091,0.278834763764923
0.08840486867392697,0.1890909090909091,0.2768899482975123
0.08840486867392697,0.19454545454545455,0.27610241436592714
0.08968609865470852,0.19454545454545455,0.2758517624642155
0.08968609865470852,0.19636363636363635,0.27539852729331277
0.0903267136450993,0.19636363636363635,0.2753182453363358
0.0903267136450993,0.19818181818181818,0.2752084811468412
0.09288917360666239,0.19818181818181818,0.2740328303237989
0.09288917360666239,0.20363636363636364,0.27322080340804306
0.09352978859705317,0.20363636363636364,0.27317127383395934
0.09352978859705317,0.20727272727272728,0.2728315204846175
0.0954516335682255,0.20727272727272728,0.27244286672477364
0.0954516335682255,0.20909090909090908,0.2724077839906097
0.0980140935297886,0.20909090909090908,0.27102034081600623
0.0980140935297886,0.21272727272727274,0.2703750253684446
0.09929532351057015,0.21272727272727274,0.2700654382080124
0.09929532351057015,0.21818181818181817,0.2695838429466308
0.1005765534913517,0.21818181818181817,0.26876230227804526
0.1005765534913517,0.22,0.2679346955472394
0.10121716848174248,0.22,0.26783493736318764
0.10121716848174248,0.22181818181818183,0.2675617624463557
0.10185778347213324,0.22181818181818183,0.267158469704818
0.10185778347213324,0.22727272727272727,0.2663014363686213
0.10249839846252402,0.22727272727272727,0.2656227112117495
0.10249839846252402,0.2290909090909091,0.2655976150235372
0.10442024343369635,0.2290909090909091,0.2652630294278449
0.10442024343369635,0.23272727272727273,0.2647778557690584
0.1057014734144779,0.23272727272727273,0.2644538405908772
0.1057014734144779,0.2381818181818182,0.26405860981863616
0.10634208840486867,0.2381818181818182,0.2638677850404885
0.10634208840486867,0.24,0.26386305574743785
0.10698270339525945,0.24,0.2636506156479681
0.10698270339525945,0.24181818181818182,0.26357024642225774
0.108263933376041,0.24181818181818182,0.26323377014502525
0.108263933376041,0.24545454545454545,0.2629930658854644
0.10890454836643178,0.24545454545454545,0.2629719780963701
0.10890454836643178,0.24727272727272728,0.26295034679392876
0.11018577834721333,0.24727272727272728,0.26264716889122514
0.11018577834721333,0.2509090909090909,0.26231043655698216
0.1108263933376041,0.2509090909090909,0.2623073568783843
0.1108263933376041,0.25272727272727274,0.2622727243929932
0.11210762331838565,0.25272727272727274,0.262165490662219
0.11210762331838565,0.2545454545454545,0.2614816179366046
0.11402946828955797,0.2545454545454545,0.2607470061047898
0.11402946828955797,0.2581818181818182,0.26045126583821515
0.11467008327994875,0.2581818181818182,0.26034245870494543
0.11467008327994875,0.2636363636363636,0.25963333372984854
0.11723254324151185,0.2636363636363636,0.25926421151073725
0.11723254324151185,0.2672727272727273,0.25888056265901166
0.11787315823190263,0.2672727272727273,0.25880479683874275
0.11787315823190263,0.2727272727272727,0.25863620167178925
0.1185137732222934,0.2727272727272727,0.2583621530970614
0.1185137732222934,0.27636363636363637,0.2582933447821622
0.1236386931454196,0.27636363636363637,0.25725884833761603
0.1236386931454196,0.28363636363636363,0.25699611996980376
0.12556053811659193,0.28363636363636363,0.25672479704826046
0.12556053811659193,0.28909090909090907,0.2557958433356783
0.1262011531069827,0.28909090909090907,0.2557487570044387
0.1262011531069827,0.2909090909090909,0.2556471073578435
0.1268417680973735,0.2909090909090909,0.25562097990506816
0.1268417680973735,0.2927272727272727,0.2552999925526247
0.13068545803971812,0.2927272727272727,0.2547476110705426
0.13068545803971812,0.2963636363636364,0.254375362993017
0.1364509929532351,0.2963636363636364,0.2538342491330503
0.1364509929532351,0.3018181818181818,0.2536957921061696
0.13709160794362588,0.3018181818181818,0.2535823351012676
0.13709160794362588,0.30363636363636365,0.2535480872811353
0.13965406790518897,0.30363636363636365,0.2530988636834695
0.13965406790518897,0.3054545454545455,0.252961936655475
0.14093529788597053,0.3054545454545455,0.2528564683419166
0.14093529788597053,0.3090909090909091,0.2525031566690661
0.14157591287636132,0.3090909090909091,0.25247783663482753
0.14157591287636132,0.32181818181818184,0.2517090263719522
0.14221652786675207,0.32181818181818184,0.2516887921630239
0.14221652786675207,0.32545454545454544,0.2515714859901544
0.14285714285714285,0.32545454545454544,0.2515130900548261
0.14285714285714285,0.32727272727272727,0.2513588206451217
0.14349775784753363,0.32727272727272727,0.2513452498501972
0.14349775784753363,0.3290909090909091,0.2512702245004957
0.14541960281870595,0.3290909090909091,0.2510646457331835
0.14541960281870595,0.33454545454545453,0.2506231827032884
0.1473414477898783,0.33454545454545453,0.25042687039171857
0.1473414477898783,0.33636363636363636,0.25037173927718814
0.1492632927610506,0.33636363636363636,0.2500230512096783
0.1492632927610506,0.3381818181818182,0.2498389032130862
0.14990390775144138,0.3381818181818182,0.24981430872384866
0.14990390775144138,0.34,0.24973920673948438
0.15054452274183217,0.34,0.24972129622845882
0.15054452274183217,0.3418181818181818,0.249553352065655
0.15246636771300448,0.3418181818181818,0.2494032420204055
0.15246636771300448,0.34363636363636363,0.24939777494121637
0.15310698270339526,0.34363636363636363,0.24936242616218623
0.15310698270339526,0.34545454545454546,0.24927080100513294
0.15374759769378604,0.34545454545454546,0.2492265078289087
0.15374759769378604,0.3472727272727273,0.2492185763510861
0.15438821268417682,0.3472727272727273,0.24915770119887629
0.15438821268417682,0.3490909090909091,0.24915761889524796
0.15502882767456758,0.3490909090909091,0.24912109099804747
0.15502882767456758,0.3509090909090909,0.24907066170864453
0.15695067264573992,0.3509090909090909,0.24903678829982723
0.15695067264573992,0.35454545454545455,0.24900524540269087
0.15887251761691223,0.35454545454545455,0.24865761880556436
0.15887251761691223,0.3563636363636364,0.24861616445753498
0.16143497757847533,0.3563636363636364,0.2485683311942871
0.16143497757847533,0.35818181818181816,0.2483829682829414
0.1627162075592569,0.35818181818181816,0.2482761928848313
0.1627162075592569,0.36363636363636365,0.24806608708599104
0.16399743754003843,0.36363636363636365,0.24799634210404486
0.16399743754003843,0.3654545454545455,0.24783175583276368
0.16527866752082,0.3654545454545455,0.24779745614008092
0.16527866752082,0.36727272727272725,0.2477242025038404
0.16784112748238308,0.36727272727272725,0.24744004370902623
0.16784112748238308,0.3709090909090909,0.24723037553238486
0.17040358744394618,0.3709090909090909,0.2470427787781657
0.17040358744394618,0.37454545454545457,0.24699465039110663
0.17296604740550928,0.37454545454545457,0.24673595233905743
0.17296604740550928,0.38181818181818183,0.24652468875364184
0.17360666239590006,0.38181818181818183,0.24651132348841628
0.17360666239590006,0.38545454545454544,0.24644805436232073
0.17424727738629084,0.38545454545454544,0.24642913654733545
0.17424727738629084,0.38727272727272727,0.24640582765611269
0.17488789237668162,0.38727272727272727,0.24633787787481073
0.17488789237668162,0.3890909090909091,0.24631055969042273
0.18129404228058937,0.3890909090909091,0.24586703535555376
0.18129404228058937,0.39090909090909093,0.24583061165444806
0.1832158872517617,0.39090909090909093,0.24573305543686852
0.1832158872517617,0.3927272727272727,0.24567520948970226
0.18449711723254325,0.3927272727272727,0.24543912849251323
0.18449711723254325,0.39454545454545453,0.24542355292186455
0.18641896220371557,0.39454545454545453,0.24531104679870286
0.18641896220371557,0.39636363636363636,0.2452923383969152
0.18770019218449713,0.39636363636363636,0.24525708556150233
0.18770019218449713,0.3981818181818182,0.24522426343938353
0.18962203715566944,0.3981818181818182,0.24511378354489818
0.18962203715566944,0.4,0.24511174549250414
0.19154388212684176,0.4,0.2449486778250643
0.19154388212684176,0.4036363636363636,0.24489822159959904
0.1934657270980141,0.4036363636363636,0.24479125544727587
0.1934657270980141,0.40545454545454546,0.24471434434545342
0.19474695707879563,0.40545454545454546,0.24466684554724455
0.19474695707879563,0.4127272727272727,0.24458795481641832
0.20179372197309417,0.4127272727272727,0.24417054240250624
0.20179372197309417,0.41454545454545455,0.24415343875306578
0.20307495195387573,0.41454545454545455,0.24405434408359322
0.20307495195387573,0.4163636363636364,0.2439708099328383
0.20499679692504805,0.4163636363636364,0.2438352800158553
0.20499679692504805,0.41818181818181815,0.2438199527375487
0.20563741191543883,0.41818181818181815,0.243768195209213
0.20563741191543883,0.42,0.2437473876146546
0.20755925688661114,0.42,0.24366482827501207
0.20755925688661114,0.4218181818181818,0.2435962602635678
0.2088404868673927,0.4218181818181818,0.24352011789210243
0.2088404868673927,0.42363636363636364,0.2434904582487173
0.21012171684817424,0.42363636363636364,0.24345672092735499
0.21012171684817424,0.4254545454545455,0.24345492068804228
0.2158872517616912,0.4254545454545455,0.24322797395374351
0.2158872517616912,0.43272727272727274,0.24299053855929523
0.216527866752082,0.43272727272727274,0.24292361304348492
0.216527866752082,0.43454545454545457,0.24283226707590147
0.2216527866752082,0.43454545454545457,0.24263594664858015
0.2216527866752082,0.43636363636363634,0.2426309248057875
0.22229340166559897,0.43636363636363634,0.24263026314029434
0.22229340166559897,0.4381818181818182,0.24261145511076515
0.22485586162716206,0.4381818181818182,0.24238589500788724
0.22485586162716206,0.44181818181818183,0.24224134196288227
0.2274183215887252,0.44181818181818183,0.2420950553747619
0.2274183215887252,0.44545454545454544,0.24201512425101007
0.22998078155028828,0.44545454545454544,0.24197239080604274
0.22998078155028828,0.4509090909090909,0.24185937740451743
0.23382447149263294,0.4509090909090909,0.24173874628062106
0.23382447149263294,0.4581818181818182,0.24160930355583426
0.2370275464445868,0.4581818181818182,0.24150391340231733
0.2370275464445868,0.4618181818181818,0.24146120982313113
0.24087123638693145,0.4618181818181818,0.24132882726327962
0.24087123638693145,0.4636363636363636,0.2412966437983961
0.24151185137732223,0.4636363636363636,0.24127592466811534
0.24151185137732223,0.4672727272727273,0.24119132280801622
0.2427930813581038,0.4672727272727273,0.24113742027853557
0.2427930813581038,0.4709090909090909,0.24111060131780754
0.24343369634849454,0.4709090909090909,0.24106995699133354
0.24343369634849454,0.47454545454545455,0.24105391781426155
0.24663677130044842,0.47454545454545455,0.24093405354876662
0.24663677130044842,0.4781818181818182,0.24086314921600063
0.24791800128122998,0.4781818181818182,0.2408279035389731
0.24791800128122998,0.48,0.24082032237417705
0.24855861627162076,0.48,0.2408069011395176
0.24855861627162076,0.4818181818181818,0.24080525220885826
0.25112107623318386,0.4818181818181818,0.24073290571977254
0.25112107623318386,0.48363636363636364,0.24071555418734011
0.2530429212043562,0.48363636363636364,0.2406943389752058
0.2530429212043562,0.48545454545454547,0.24069048416955505
0.25432415118513774,0.48545454545454547,0.2406673913881521
0.25432415118513774,0.48727272727272725,0.2406646101653291
0.2549647661755285,0.48727272727272725,0.2406558533388149
0.2549647661755285,0.4890909090909091,0.24061159693539833
0.2588084561178732,0.4890909090909091,0.24055883670595266
0.2588084561178732,0.4909090909090909,0.2405488555749631
0.267777065983344,0.4909090909090909,0.24035011609536558
0.267777065983344,0.49636363636363634,0.2403131366658886
0.27226137091607944,0.49636363636363634,0.2402711836590167
0.27226137091607944,0.5018181818181818,0.24023257548519525
0.27738629083920563,0.5018181818181818,0.2401248385486018
0.27738629083920563,0.5036363636363637,0.24008761341792534
0.27930813581037794,0.5036363636363637,0.240058891013438
0.27930813581037794,0.5054545454545455,0.24002329645406426
0.27994875080076875,0.5054545454545455,0.2399892978630603
0.27994875080076875,0.5109090909090909,0.23997046467824176
0.2882767456758488,0.5109090909090909,0.23980889285105328
0.2882767456758488,0.5127272727272727,0.23980168355286569
0.2914798206278027,0.5127272727272727,0.2397617627133814
0.2914798206278027,0.5145454545454545,0.2397499574266824
0.2946828955797566,0.5145454545454545,0.23973147028338218
0.2946828955797566,0.5163636363636364,0.23971676962639432
0.2966047405509289,0.5163636363636364,0.23970502273295852
0.2966047405509289,0.5181818181818182,0.2396795711654665
0.29788597053171045,0.5181818181818182,0.2396423212389552
0.29788597053171045,0.5218181818181818,0.23961875904788713
0.2985265855221012,0.5218181818181818,0.23961441804712283
0.2985265855221012,0.5236363636363637,0.23961412238543775
0.299167200512492,0.5236363636363637,0.2395961397171952
0.299167200512492,0.5254545454545455,0.2395950565181595
0.29980781550288277,0.5254545454545455,0.2395878088563386
0.29980781550288277,0.5272727272727272,0.23958718664237985
0.30108904548366433,0.5272727272727272,0.23958266670184664
0.30108904548366433,0.5309090909090909,0.23956595643743034
0.3023702754644459,0.5309090909090909,0.23954781109807433
0.3023702754644459,0.5327272727272727,0.23954174496521
0.30557335041639977,0.5327272727272727,0.23949986606262655
0.30557335041639977,0.5363636363636364,0.23948518754898063
0.30877642536835365,0.5363636363636364,0.23944426218846906
0.30877642536835365,0.5381818181818182,0.23944027009138125
0.3183856502242152,0.5381818181818182,0.23929606764772765
0.3183856502242152,0.54,0.23929104260819853
0.31902626521460603,0.54,0.2392856817521771
0.31902626521460603,0.5418181818181819,0.23928548290933258
0.3215887251761691,0.5418181818181819,0.23922758665660235
0.3215887251761691,0.5436363636363636,0.23920933539599495
0.3222293401665599,0.5436363636363636,0.2391949734698983
0.3222293401665599,0.5454545454545454,0.23919379596815016
0.32286995515695066,0.5454545454545454,0.2391932288648317
0.32286995515695066,0.5472727272727272,0.2391750751464005
0.32607303010890454,0.5472727272727272,0.23915177241045343
0.32607303010890454,0.5490909090909091,0.23914284871325592
0.32671364509929535,0.5490909090909091,0.23914112602908755
0.32671364509929535,0.5509090909090909,0.23913666748836254
0.3292761050608584,0.5509090909090909,0.23910362366922225
0.3292761050608584,0.5563636363636364,0.23908193992443466
0.3299167200512492,0.5563636363636364,0.2390750549964301
0.3299167200512492,0.5581818181818182,0.23906396375350522
0.33119795003203073,0.5581818181818182,0.2390540764010379
0.33119795003203073,0.56,0.23901425956853972
0.33183856502242154,0.56,0.23901217062585514
0.33183856502242154,0.5618181818181818,0.23900355946252894
0.3350416399743754,0.5618181818181818,0.2389886585118055
0.3350416399743754,0.5636363636363636,0.23897394345916279
0.3401665598975016,0.5636363636363636,0.23892371691337047
0.3401665598975016,0.5654545454545454,0.2389192515216509
0.3420884048686739,0.5654545454545454,0.2389107895419466
0.3420884048686739,0.5672727272727273,0.23888136566234872
0.3472133247918001,0.5672727272727273,0.23885157533666848
0.3472133247918001,0.5690909090909091,0.23884755274894545
0.350416399743754,0.5690909090909091,0.23879691761297409
0.350416399743754,0.5709090909090909,0.2387934472425883
0.35682254964766175,0.5709090909090909,0.23871899411732272
0.35682254964766175,0.5727272727272728,0.23871615557380277
0.3632286995515695,0.5727272727272728,0.2386762036117824
0.3632286995515695,0.5745454545454546,0.23867582668070333
0.3683536194746957,0.5745454545454546,0.23862165227216467
0.3683536194746957,0.5763636363636364,0.2386112930292556
0.3689942344650865,0.5763636363636364,0.23860715004425703
0.3689942344650865,0.5781818181818181,0.23860657177057684
0.37155669442664957,0.5781818181818181,0.23859156490299305
0.37155669442664957,0.5818181818181818,0.2385854392893146
0.38052530429212045,0.5818181818181818,0.23851401529064506
0.38052530429212045,0.5836363636363636,0.23850486144880848
0.38244714926329276,0.5836363636363636,0.23848438833033989
0.38244714926329276,0.5854545454545454,0.2384785895687507
0.38757206918641895,0.5854545454545454,0.23845033420423725
0.38757206918641895,0.5872727272727273,0.23844320744523584
0.38949391415759127,0.5872727272727273,0.2384380882916852
0.38949391415759127,0.5890909090909091,0.23843220658222217
0.3901345291479821,0.5890909090909091,0.23843073408736812
0.3901345291479821,0.5909090909090909,0.23842864538727593
0.39654067905188983,0.5909090909090909,0.23840331600715417
0.39654067905188983,0.5945454545454546,0.23840073876274218
0.39846252402306215,0.5945454545454546,0.2383848152426231
0.39846252402306215,0.5963636363636363,0.23837431946805596
0.401665598975016,0.5963636363636363,0.2383416083728741
0.401665598975016,0.5981818181818181,0.23833689194997615
0.4042280589365791,0.5981818181818181,0.2383237580338022
0.4042280589365791,0.6,0.2383228647608467
0.40935297885970534,0.6,0.2383032106376782
0.40935297885970534,0.6018181818181818,0.23830188831362692
0.4099935938500961,0.6018181818181818,0.2383011969390933
0.4099935938500961,0.6054545454545455,0.23829390206193574
0.41447789878283153,0.6054545454545455,0.2382806241307926
0.41447789878283153,0.6072727272727273,0.23827521673945906
0.4176809737347854,0.6072727272727273,0.23826714342070235
0.4176809737347854,0.6090909090909091,0.23826695317423896
0.4228058936579116,0.6090909090909091,0.2382478606955776
0.4228058936579116,0.610909090909091,0.23824419347993342
0.4247277386290839,0.610909090909091,0.23821772145412795
0.4247277386290839,0.6127272727272727,0.23821637647628152
0.42536835361947467,0.6127272727272727,0.23821578708343044
0.42536835361947467,0.6145454545454545,0.23821055588077325
0.43113388853299167,0.6145454545454545,0.23817602200344942
0.43113388853299167,0.6181818181818182,0.23817076754097388
0.4317745035233824,0.6181818181818182,0.23816684903937121
0.4317745035233824,0.62,0.2381635068180347
0.4433055733504164,0.62,0.2380927178448033
0.4433055733504164,0.6218181818181818,0.23808918238299495
0.44522741832158874,0.6218181818181818,0.23806640638291093
0.44522741832158874,0.6236363636363637,0.23806497620382383
0.44907110826393337,0.6236363636363637,0.23805290591549927
0.44907110826393337,0.6254545454545455,0.23805048697243628
0.4535554131966688,0.6254545454545455,0.23803763363561242
0.4535554131966688,0.6272727272727273,0.23803752481767926
0.4554772581678411,0.6272727272727273,0.23802914956808466
0.4554772581678411,0.6290909090909091,0.23802494890698833
0.4567584881486227,0.6290909090909091,0.23800749880358563
0.4567584881486227,0.6327272727272727,0.2379970591131243
0.4606021780909673,0.6327272727272727,0.23797611137738872
0.4606021780909673,0.6345454545454545,0.23796675823160746
0.4618834080717489,0.6345454545454545,0.23795543556627652
0.4618834080717489,0.6363636363636364,0.2379552719776773
0.4676489429852659,0.6363636363636364,0.23793358972152176
0.4676489429852659,0.6381818181818182,0.2379298883803041
0.4689301729660474,0.6381818181818182,0.23792799709801749
0.4689301729660474,0.64,0.2379259582913281
0.4695707879564382,0.64,0.2379211415847523
0.4695707879564382,0.6418181818181818,0.23791668087322357
0.4734144778987828,0.6418181818181818,0.2378953623101192
0.4734144778987828,0.6454545454545455,0.23788992969334297
0.4746957078795644,0.6454545454545455,0.23788401381038135
0.4746957078795644,0.6472727272727272,0.23788266775226444
0.47533632286995514,0.6472727272727272,0.23787910542057167
0.47533632286995514,0.6509090909090909,0.23787167197637363
0.47789878283151827,0.6509090909090909,0.23786619487194208
0.47789878283151827,0.6527272727272727,0.2378660408381118
0.48110185778347214,0.6527272727272727,0.23784754949678052
0.48110185778347214,0.6545454545454545,0.23784361817212477
0.4836643177450352,0.6545454545454545,0.2378373462685213
0.4836643177450352,0.6563636363636364,0.23783657172497208
0.484304932735426,0.6563636363636364,0.237833733200826
0.484304932735426,0.6581818181818182,0.2378335424533228
0.49583600256245997,0.6581818181818182,0.2377898764729598
0.49583600256245997,0.6618181818181819,0.23778672006269344
0.4964766175528507,0.6618181818181819,0.23778659944897484
0.4964766175528507,0.6636363636363637,0.23778237606905925
0.4971172325432415,0.6636363636363637,0.23778091285496158
0.4971172325432415,0.6654545454545454,0.2377748920123329
0.5054452274183215,0.6654545454545454,0.2377289496689426
0.5054452274183215,0.6672727272727272,0.23772771896844586
0.5112107623318386,0.6672727272727272,0.23770795851357093
0.5112107623318386,0.6690909090909091,0.23770572566651177
0.5118513773222293,0.6690909090909091,0.23770471638007837
0.5118513773222293,0.6709090909090909,0.2377035872211529
0.5137732222934016,0.6709090909090909,0.23768380612517684
0.5137732222934016,0.6727272727272727,0.23768067863387646
0.5163356822549647,0.6727272727272727,0.23767016597901786
0.5163356822549647,0.6745454545454546,0.2376695312011841
0.5208199871877002,0.6745454545454546,0.2376492489231876
0.5208199871877002,0.6763636363636364,0.2376488899179992
0.5253042921204356,0.6763636363636364,0.23764313328860934
0.5253042921204356,0.6781818181818182,0.23764077773274664
0.5419602818705958,0.6781818181818182,0.23756911874315845
0.5419602818705958,0.68,0.23756896275769174
0.5426008968609866,0.68,0.2375664295949625
0.5426008968609866,0.6818181818181818,0.23756640943323604
0.5438821268417681,0.6818181818181818,0.2375616975624346
0.5438821268417681,0.6836363636363636,0.23756146267614772
0.5458039718129404,0.6836363636363636,0.23755073861761064
0.5458039718129404,0.6872727272727273,0.23754517145735982
0.5477258167841127,0.6872727272727273,0.23753372004570045
0.5477258167841127,0.6890909090909091,0.2375322422522739
0.5598975016015375,0.6890909090909091,0.23747980236577093
0.5598975016015375,0.6927272727272727,0.23747154849777782
0.5663036515054453,0.6927272727272727,0.23743799508528932
0.5663036515054453,0.6945454545454546,0.23743377967147594
0.5682254964766176,0.6945454545454546,0.23742795967713087
0.5682254964766176,0.6963636363636364,0.23742252146694598
0.5695067264573991,0.6963636363636364,0.23741610353083464
0.5695067264573991,0.6981818181818182,0.23741594970769392
0.5707879564381807,0.6981818181818182,0.23741157665308374
0.5707879564381807,0.7,0.23741087961687724
0.5720691864189622,0.7,0.23740428600918978
0.5720691864189622,0.7018181818181818,0.23740391035566136
0.5733504163997437,0.7018181818181818,0.2373986499448025
0.5733504163997437,0.7036363636363636,0.23739675595331458
0.5746316463805253,0.7036363636363636,0.23739336513111917
0.5746316463805253,0.7054545454545454,0.2373927347976014
0.57847533632287,0.7054545454545454,0.23737657323657743
0.57847533632287,0.7072727272727273,0.23737364438024092
0.5829596412556054,0.7072727272727273,0.23735528889696828
0.5829596412556054,0.7090909090909091,0.23734146366476022
0.5842408712363869,0.7090909090909091,0.23733758292908333
0.5842408712363869,0.7109090909090909,0.23732662295571097
0.5893657911595132,0.7109090909090909,0.23731079305597597
0.5893657911595132,0.7127272727272728,0.23730929371166884
0.590006406149904,0.7127272727272728,0.23730409322872775
0.590006406149904,0.7145454545454546,0.23729971709407394
0.592568866111467,0.7145454545454546,0.23728451948174187
0.592568866111467,0.7163636363636363,0.23728392100922557
0.6028187059577194,0.7163636363636363,0.23723445193031253
0.6028187059577194,0.7181818181818181,0.2372340723576348
0.6034593209481102,0.7181818181818181,0.23723196341568262
0.6034593209481102,0.72,0.23723042614371706
0.6092248558616271,0.72,0.23719230364522753
0.6092248558616271,0.7218181818181818,0.23718728514183873
0.6149903907751442,0.7218181818181818,0.23716302386711713
0.6149903907751442,0.7236363636363636,0.23715891515443605
0.618193465727098,0.7236363636363636,0.23714277061553232
0.618193465727098,0.7272727272727273,0.23713743623608363
0.6226777706598334,0.7272727272727273,0.2371109169314678
0.6226777706598334,0.7290909090909091,0.23710881893731875
0.6322869955156951,0.7290909090909091,0.23706140982641866
0.6322869955156951,0.730909090909091,0.23706023559703035
0.6335682254964766,0.730909090909091,0.23704801235880946
0.6335682254964766,0.7327272727272728,0.23702977550651844
0.6342088404868674,0.7327272727272728,0.23702884718305944
0.6342088404868674,0.7345454545454545,0.23702359978433094
0.6374119154388213,0.7345454545454545,0.23700861703927514
0.6374119154388213,0.7363636363636363,0.23700656982555213
0.6380525304292121,0.7363636363636363,0.23700153306395322
0.6380525304292121,0.7381818181818182,0.23699849319140762
0.6406149903907752,0.7381818181818182,0.236990990481697
0.6406149903907752,0.74,0.23699023016704973
0.6450992953235106,0.74,0.23695856521595432
0.6450992953235106,0.7418181818181818,0.23695720804161374
0.6457399103139013,0.7418181818181818,0.236956581475287
0.6457399103139013,0.7436363636363637,0.2369500229417202
0.6476617552850736,0.7436363636363637,0.23693398065912177
0.6476617552850736,0.7472727272727273,0.23691574117028372
0.6515054452274183,0.7472727272727273,0.23690265551027015
0.6515054452274183,0.7490909090909091,0.2368970467205944
0.655349135169763,0.7490909090909091,0.23687280969212754
0.655349135169763,0.7509090909090909,0.23686614910102194
0.6598334401024984,0.7509090909090909,0.23685361025736906
0.6598334401024984,0.7527272727272727,0.23685331984811261
0.6623959000640615,0.7527272727272727,0.23683408780799314
0.6623959000640615,0.7545454545454545,0.23683198940581238
0.6636771300448431,0.7545454545454545,0.23682521396240666
0.6636771300448431,0.7563636363636363,0.23682297641738315
0.6643177450352338,0.7563636363636363,0.23682291920841683
0.6643177450352338,0.7581818181818182,0.23680991831212814
0.6649583600256246,0.7581818181818182,0.2368047474312484
0.6649583600256246,0.76,0.23680230235554942
0.6707238949391415,0.76,0.23675218057454095
0.6707238949391415,0.7618181818181818,0.23674352561540193
0.6720051249199231,0.7618181818181818,0.23672344985274346
0.6720051249199231,0.7636363636363637,0.23671343664608757
0.672645739910314,0.7636363636363637,0.2367057651339161
0.672645739910314,0.769090909090909,0.2366958670803107
0.6732863549007047,0.769090909090909,0.23669352228140042
0.6732863549007047,0.7709090909090909,0.23669139786159554
0.6828955797565663,0.7709090909090909,0.23662565783484096
0.6828955797565663,0.7727272727272727,0.23662427473836825
0.6912235746316464,0.7727272727272727,0.23652630947932035
0.6912235746316464,0.7745454545454545,0.23652110530122805
0.6963484945547725,0.7745454545454545,0.2364928754994244
0.6963484945547725,0.7763636363636364,0.23649051725925507
0.6969891095451634,0.7763636363636364,0.23648935556063813
0.6969891095451634,0.7781818181818182,0.2364849357922026
0.6976297245355542,0.7781818181818182,0.23647885842392358
0.6976297245355542,0.78,0.23647701088334275
0.7040358744394619,0.78,0.23642205141738465
0.7040358744394619,0.7854545454545454,0.23639507174971686
0.7059577194106342,0.7854545454545454,0.23637655685146194
0.7059577194106342,0.7872727272727272,0.23637115005678208
0.709160794362588,0.7872727272727272,0.23635583660707413
0.709160794362588,0.7890909090909091,0.23635230158179435
0.7104420243433697,0.7890909090909091,0.23633973353379012
0.7104420243433697,0.7909090909090909,0.2363355796468915
0.7117232543241512,0.7909090909090909,0.23629770051609764
0.7117232543241512,0.7927272727272727,0.2362891086540561
0.7130044843049327,0.7927272727272727,0.2362799268625025
0.7130044843049327,0.7945454545454546,0.23626993740898772
0.7149263292761051,0.7945454545454546,0.23626044218333458
0.7149263292761051,0.7981818181818182,0.2362532797693358
0.7187700192184497,0.7981818181818182,0.23621310604741846
0.7187700192184497,0.8,0.2362116018558116
0.737988468930173,0.8,0.23609170532139973
0.737988468930173,0.8036363636363636,0.23608173894573853
0.7495195387572069,0.8036363636363636,0.23599106201460843
0.7495195387572069,0.8054545454545454,0.23598587526861564
0.7501601537475977,0.8054545454545454,0.23597838271490598
0.7501601537475977,0.8090909090909091,0.23597593022355629
0.7572069186418963,0.8090909090909091,0.2359025060242355
0.7572069186418963,0.8109090909090909,0.23589262393522734
0.757847533632287,0.8109090909090909,0.23589037374931937
0.757847533632287,0.8127272727272727,0.23588981594300767
0.7584881486226778,0.8127272727272727,0.2358868552359757
0.7584881486226778,0.8145454545454546,0.23587547480475785
0.7591287636130686,0.8145454545454546,0.2358726478852995
0.7591287636130686,0.82,0.2358478738191395
0.7610506085842409,0.82,0.23581437158181182
0.7610506085842409,0.8218181818181818,0.23581398646370422
0.7642536835361947,0.8218181818181818,0.23575172160603147
0.7642536835361947,0.8236363636363636,0.2357490792311066
0.766175528507367,0.8236363636363636,0.2357210822494999
0.766175528507367,0.8254545454545454,0.23570881432243443
0.7719410634208841,0.8254545454545454,0.23563897605601408
0.7719410634208841,0.8309090909090909,0.2356340697116408
0.7738629083920564,0.8309090909090909,0.2356228877834087
0.7738629083920564,0.8327272727272728,0.23558155202859926
0.7764253683536195,0.8327272727272728,0.23554873236621474
0.7764253683536195,0.8381818181818181,0.23553934155428205
0.7770659833440102,0.8381818181818181,0.23552192896841442
0.7770659833440102,0.84,0.23551977603524127
0.7853939782190903,0.84,0.23543432487729773
0.7853939782190903,0.8418181818181818,0.23541650565746897
0.7885970531710442,0.8418181818181818,0.23535183032073792
0.7885970531710442,0.8454545454545455,0.235342779407048
0.7898782831518257,0.8454545454545455,0.23530188372234973
0.7898782831518257,0.8472727272727273,0.23529851800970766
0.791800128122998,0.8472727272727273,0.23528265613444366
0.791800128122998,0.8490909090909091,0.2352821161123364
0.7930813581037797,0.8490909090909091,0.23526187814928182
0.7930813581037797,0.8563636363636363,0.23522503033939673
0.795003203074952,0.8563636363636363,0.23520612982162203
0.795003203074952,0.8581818181818182,0.23520601441491298
0.7956438180653427,0.8581818181818182,0.23520263341828299
0.7956438180653427,0.86,0.2351942322887145
0.7962844330557335,0.86,0.23517934069765464
0.7962844330557335,0.8618181818181818,0.2351653427261796
0.7975656630365151,0.8618181818181818,0.23515138412484063
0.7975656630365151,0.8636363636363636,0.23514892896884404
0.7982062780269058,0.8636363636363636,0.23514141728350532
0.7982062780269058,0.8654545454545455,0.23513176133629138
0.7988468930172966,0.8654545454545455,0.23512665393869067
0.7988468930172966,0.8690909090909091,0.23510131666050785
0.7994875080076874,0.8690909090909091,0.23509732096777683
0.7994875080076874,0.8727272727272727,0.2350917651941191
0.8020499679692504,0.8727272727272727,0.2350774349296391
0.8020499679692504,0.8745454545454545,0.2350722640326726
0.803331197950032,0.8745454545454545,0.23505115406538585
0.803331197950032,0.8763636363636363,0.23503636279023055
0.8071748878923767,0.8763636363636363,0.2349890151736012
0.8071748878923767,0.8781818181818182,0.23498739081683173
0.8155028827674567,0.8781818181818182,0.2348165541075186
0.8155028827674567,0.88,0.23477660335242367
0.8174247277386291,0.88,0.23473795932364136
0.8174247277386291,0.8818181818181818,0.23473716716399193
0.8219090326713645,0.8818181818181818,0.23467325523901905
0.8219090326713645,0.8836363636363637,0.23463232073446064
0.8225496476617553,0.8836363636363637,0.2346269894943649
0.8225496476617553,0.8854545454545455,0.23461223779815812
0.823190262652146,0.8854545454545455,0.23459944854517775
0.823190262652146,0.8872727272727273,0.23459218144082536
0.8276745675848814,0.8872727272727273,0.23455668540615968
0.8276745675848814,0.889090909090909,0.23455406518237196
0.83472133247918,0.889090909090909,0.23445091013273825
0.83472133247918,0.8909090909090909,0.23444604060375077
0.8392056374119155,0.8909090909090909,0.2343917539980478
0.8392056374119155,0.8945454545454545,0.23437847565631037
0.8494554772581678,0.8945454545454545,0.23422667264728023
0.8494554772581678,0.8963636363636364,0.2342134983480795
0.8526585522101218,0.8963636363636364,0.23418182624205122
0.8526585522101218,0.9,0.23417417222439577
0.8641896220371557,0.9,0.23394636864242682
0.8641896220371557,0.9018181818181819,0.2339462615590896
0.8648302370275465,0.9018181818181819,0.23392721551956458
0.8648302370275465,0.9054545454545454,0.23388608087200013
0.8667520819987188,0.9054545454545454,0.23386937071736869
0.8667520819987188,0.9072727272727272,0.23385280875035747
0.8680333119795003,0.9072727272727272,0.2338455384115256
0.8680333119795003,0.9090909090909091,0.23383903557040586
0.8705957719410634,0.9090909090909091,0.23382208186184422
0.8705957719410634,0.9109090909090909,0.2338156218681328
0.8757206918641897,0.9109090909090909,0.23372387698124808
0.8757206918641897,0.9127272727272727,0.23367667324432986
0.8846893017296604,0.9127272727272727,0.23348611566620736
0.8846893017296604,0.9145454545454546,0.23348352289502697
0.8878923766816144,0.9145454545454546,0.23336351439537253
0.8878923766816144,0.9163636363636364,0.23335825418360093
0.8930172966047405,0.9163636363636364,0.23309697284900102
0.8930172966047405,0.9181818181818182,0.2330914990041278
0.8994234465086482,0.9181818181818182,0.23282629900254212
0.8994234465086482,0.92,0.2328078778253799
0.9019859064702114,0.92,0.23272304394247223
0.9019859064702114,0.9218181818181819,0.232719421171151
0.9064702114029468,0.9218181818181819,0.23252539494567206
0.9064702114029468,0.9236363636363636,0.23249648525635652
0.9071108263933376,0.9236363636363636,0.23249499343375415
0.9071108263933376,0.9272727272727272,0.23235060455192
0.9167200512491992,0.9272727272727272,0.23216854594570144
0.9167200512491992,0.9290909090909091,0.23216187674663336
0.9237668161434978,0.9290909090909091,0.23151381489263087
0.9237668161434978,0.9327272727272727,0.2313459874232087
0.9250480461242793,0.9327272727272727,0.2313163075160111
0.9250480461242793,0.9345454545454546,0.23131101096653567
0.9269698910954516,0.9345454545454546,0.23125030469247818
0.9269698910954516,0.9363636363636364,0.23123268424192472
0.9340166559897501,0.9363636363636364,0.23091017737628347
0.9340166559897501,0.94,0.23087491275101982
0.934657270980141,0.94,0.2308535544587645
0.934657270980141,0.9436363636363636,0.23080059134643302
0.9365791159513133,0.9436363636363636,0.23061470813179571
0.9365791159513133,0.9454545454545454,0.23060450076108024
0.9372197309417041,0.9454545454545454,0.23058152211106486
0.9372197309417041,0.9472727272727273,0.2305804795821927
0.9404228058936579,0.9472727272727273,0.2304232173549984
0.9404228058936579,0.9509090909090909,0.23038844885827844
0.9436258808456118,0.9509090909090909,0.23017256362868918
0.9436258808456118,0.9527272727272728,0.2301599187688205
0.9513132607303011,0.9527272727272728,0.22938726780473812
0.9513132607303011,0.9563636363636364,0.22929754330510435
0.9698910954516335,0.9563636363636364,0.22745428362675998
0.9698910954516335,0.96,0.22703968797883442
0.9705317104420244,0.96,0.22699528995869586
0.9705317104420244,0.9618181818181818,0.2264322068178279
0.974375400384369,0.9618181818181818,0.22592440253548315
0.974375400384369,0.9654545454545455,0.22566590764602978
0.9756566303651505,0.9654545454545455,0.2250968851236403
0.9756566303651505,0.9690909090909091,0.2247940500171268
0.9795003203074952,0.9690909090909091,0.22455376074214992
0.9795003203074952,0.9709090909090909,0.224486343398376
0.9807815502882767,0.9709090909090909,0.22436365830256316
0.9807815502882767,0.9763636363636363,0.22367923096197084
0.9814221652786675,0.9763636363636363,0.22308897602268932
0.9814221652786675,0.9781818181818182,0.2229469869578622
0.9852658552210122,0.9781818181818182,0.2212373760145884
0.9852658552210122,0.98,0.22074605094489388
0.9865470852017937,0.98,0.21940283401389044
0.9865470852017937,0.9818181818181818,0.2192523749119728
0.9891095451633568,0.9818181818181818,0.21877359343735867
0.9891095451633568,0.9836363636363636,0.21834991581646473
0.9948750800768738,0.9836363636363636,0.2136683821106239
0.9948750800768738,0.9872727272727273,0.2124035784418486
0.9961563100576554,0.9872727272727273,0.21225892043847255
0.9961563100576554,0.9890909090909091,0.21208997494349907
0.9974375400384369,0.9890909090909091,0.21187592432961683
0.9974375400384369,0.990909090909091,0.21014758467772227
0.9993593850096092,0.990909090909091,0.1928201132591493
0.9993593850096092,0.9927272727272727,0.18349314522551635
1.0,0.9927272727272727,0.1821850594939915
1.0,1.0,0.12124756100757887
